[{"model": "contenttypes.contenttype", "pk": 1, "fields": {"app_label": "auth", "model": "permission"}}, {"model": "contenttypes.contenttype", "pk": 2, "fields": {"app_label": "auth", "model": "group"}}, {"model": "contenttypes.contenttype", "pk": 3, "fields": {"app_label": "auth", "model": "user"}}, {"model": "contenttypes.contenttype", "pk": 4, "fields": {"app_label": "contenttypes", "model": "contenttype"}}, {"model": "contenttypes.contenttype", "pk": 5, "fields": {"app_label": "sessions", "model": "session"}}, {"model": "contenttypes.contenttype", "pk": 6, "fields": {"app_label": "django_ftpserver", "model": "ftpuseraccount"}}, {"model": "contenttypes.contenttype", "pk": 7, "fields": {"app_label": "django_ftpserver", "model": "ftpusergroup"}}, {"model": "contenttypes.contenttype", "pk": 8, "fields": {"app_label": "EcoAlpsWater", "model": "eawuser"}}, {"model": "contenttypes.contenttype", "pk": 9, "fields": {"app_label": "EcoAlpsWater", "model": "biologicalelement"}}, {"model": "contenttypes.contenttype", "pk": 10, "fields": {"app_label": "EcoAlpsWater", "model": "comment"}}, {"model": "contenttypes.contenttype", "pk": 11, "fields": {"app_label": "EcoAlpsWater", "model": "controlledvocabulary"}}, {"model": "contenttypes.contenttype", "pk": 12, "fields": {"app_label": "EcoAlpsWater", "model": "cyanotoxinsamples"}}, {"model": "contenttypes.contenttype", "pk": 13, "fields": {"app_label": "EcoAlpsWater", "model": "depthtype"}}, {"model": "contenttypes.contenttype", "pk": 14, "fields": {"app_label": "EcoAlpsWater", "model": "dnaextractionkit"}}, {"model": "contenttypes.contenttype", "pk": 15, "fields": {"app_label": "EcoAlpsWater", "model": "drainagebasin"}}, {"model": "contenttypes.contenttype", "pk": 16, "fields": {"app_label": "EcoAlpsWater", "model": "ednamarker"}}, {"model": "contenttypes.contenttype", "pk": 17, "fields": {"app_label": "EcoAlpsWater", "model": "fieldcontrolledvocabularyterm"}}, {"model": "contenttypes.contenttype", "pk": 18, "fields": {"app_label": "EcoAlpsWater", "model": "mixingtype"}}, {"model": "contenttypes.contenttype", "pk": 19, "fields": {"app_label": "EcoAlpsWater", "model": "phytoplanktoncountings"}}, {"model": "contenttypes.contenttype", "pk": 20, "fields": {"app_label": "EcoAlpsWater", "model": "sample"}}, {"model": "contenttypes.contenttype", "pk": 21, "fields": {"app_label": "EcoAlpsWater", "model": "station"}}, {"model": "contenttypes.contenttype", "pk": 22, "fields": {"app_label": "EcoAlpsWater", "model": "verticaltemperatureprofile"}}, {"model": "contenttypes.contenttype", "pk": 23, "fields": {"app_label": "EcoAlpsWater", "model": "numericalcodemapping"}}, {"model": "contenttypes.contenttype", "pk": 24, "fields": {"app_label": "EcoAlpsWater", "model": "fielddescription"}}, {"model": "sessions.session", "pk": "97e6g9jspfkv9z9bwakvxwh95rye0e17", "fields": {"session_data": "NzY4MWYxYTdhNDE0NTcyOTFkMTIwNjU5ZGQ5OTUzZDBmNzE4OWY0MTp7Il9hdXRoX3VzZXJfaWQiOiIyIiwiX2F1dGhfdXNlcl9iYWNrZW5kIjoiZGphbmdvLmNvbnRyaWIuYXV0aC5iYWNrZW5kcy5Nb2RlbEJhY2tlbmQiLCJfYXV0aF91c2VyX2hhc2giOiI2MzkwNjMyZGNjNDI1N2ExZDA5ZDcwYmUzNGU3ZDY4N2YyNmIwNzY5In0=", "expire_date": "2019-03-11T10:04:24.755Z"}}, {"model": "sessions.session", "pk": "vht9o383roaturu0b02f7kthwoc0ofka", "fields": {"session_data": "NzY4MWYxYTdhNDE0NTcyOTFkMTIwNjU5ZGQ5OTUzZDBmNzE4OWY0MTp7Il9hdXRoX3VzZXJfaWQiOiIyIiwiX2F1dGhfdXNlcl9iYWNrZW5kIjoiZGphbmdvLmNvbnRyaWIuYXV0aC5iYWNrZW5kcy5Nb2RlbEJhY2tlbmQiLCJfYXV0aF91c2VyX2hhc2giOiI2MzkwNjMyZGNjNDI1N2ExZDA5ZDcwYmUzNGU3ZDY4N2YyNmIwNzY5In0=", "expire_date": "2019-04-03T15:44:19.606Z"}}, {"model": "EcoAlpsWater.biologicalelement", "pk": 1, "fields": {"name": "Bacteria"}}, {"model": "EcoAlpsWater.biologicalelement", "pk": 2, "fields": {"name": "Phytoplankton"}}, {"model": "EcoAlpsWater.biologicalelement", "pk": 3, "fields": {"name": "Diatoms"}}, {"model": "EcoAlpsWater.biologicalelement", "pk": 4, "fields": {"name": "Biofilm"}}, {"model": "EcoAlpsWater.biologicalelement", "pk": 5, "fields": {"name": "Fish"}}, {"model": "EcoAlpsWater.cyanotoxinsamples", "pk": 1, "fields": {"name": "sample1"}}, {"model": "EcoAlpsWater.cyanotoxinsamples", "pk": 2, "fields": {"name": "sample2"}}, {"model": "EcoAlpsWater.cyanotoxinsamples", "pk": 3, "fields": {"name": "sample3"}}, {"model": "EcoAlpsWater.depthtype", "pk": 1, "fields": {"name": "Euphotic"}}, {"model": "EcoAlpsWater.depthtype", "pk": 2, "fields": {"name": "Discrete"}}, {"model": "EcoAlpsWater.depthtype", "pk": 3, "fields": {"name": "Substrata"}}, {"model": "EcoAlpsWater.dnaextractionkit", "pk": 1, "fields": {"name": "kit1"}}, {"model": "EcoAlpsWater.dnaextractionkit", "pk": 2, "fields": {"name": "kit2"}}, {"model": "EcoAlpsWater.dnaextractionkit", "pk": 3, "fields": {"name": "kit3"}}, {"model": "EcoAlpsWater.drainagebasin", "pk": 1, "fields": {"name": "Garda", "type": "Lake", "country": "Italy"}}, {"model": "EcoAlpsWater.drainagebasin", "pk": 2, "fields": {"name": "Molveno", "type": "Lake", "country": "Italy"}}, {"model": "EcoAlpsWater.drainagebasin", "pk": 3, "fields": {"name": "Adige", "type": "River", "country": "Italy"}}, {"model": "EcoAlpsWater.drainagebasin", "pk": 4, "fields": {"name": "Noce", "type": "River", "country": "Italy"}}, {"model": "EcoAlpsWater.drainagebasin", "pk": 5, "fields": {"name": "Como", "type": "Lake", "country": "Italy"}}, {"model": "EcoAlpsWater.ednamarker", "pk": 1, "fields": {"name": "16S"}}, {"model": "EcoAlpsWater.ednamarker", "pk": 2, "fields": {"name": "18S"}}, {"model": "EcoAlpsWater.mixingtype", "pk": 1, "fields": {"name": "mixing1"}}, {"model": "EcoAlpsWater.mixingtype", "pk": 2, "fields": {"name": "mixing2"}}, {"model": "EcoAlpsWater.phytoplanktoncountings", "pk": 1, "fields": {"name": "counting1"}}, {"model": "EcoAlpsWater.phytoplanktoncountings", "pk": 2, "fields": {"name": "counting2"}}, {"model": "EcoAlpsWater.phytoplanktoncountings", "pk": 3, "fields": {"name": "counting3"}}, {"model": "EcoAlpsWater.station", "pk": 1, "fields": {"name": "station1", "pp_code": "st1", "drainage_basin": 1}}, {"model": "EcoAlpsWater.station", "pk": 2, "fields": {"name": "station2", "pp_code": "st2", "drainage_basin": 1}}, {"model": "EcoAlpsWater.station", "pk": 3, "fields": {"name": "station3", "pp_code": "st3", "drainage_basin": 2}}, {"model": "EcoAlpsWater.station", "pk": 4, "fields": {"name": "station4", "pp_code": "st4", "drainage_basin": 2}}, {"model": "EcoAlpsWater.verticaltemperatureprofile", "pk": 1, "fields": {"name": "temp1"}}, {"model": "EcoAlpsWater.verticaltemperatureprofile", "pk": 2, "fields": {"name": "temp2"}}, {"model": "EcoAlpsWater.verticaltemperatureprofile", "pk": 3, "fields": {"name": "temp3"}}, {"model": "django_ftpserver.ftpusergroup", "pk": 1, "fields": {"name": "ftp-eaw", "permission": "elrw", "home_dir": null}}, {"model": "auth.permission", "pk": 1, "fields": {"name": "Can add permission", "content_type": 1, "codename": "add_permission"}}, {"model": "auth.permission", "pk": 2, "fields": {"name": "Can change permission", "content_type": 1, "codename": "change_permission"}}, {"model": "auth.permission", "pk": 3, "fields": {"name": "Can delete permission", "content_type": 1, "codename": "delete_permission"}}, {"model": "auth.permission", "pk": 4, "fields": {"name": "Can view permission", "content_type": 1, "codename": "view_permission"}}, {"model": "auth.permission", "pk": 5, "fields": {"name": "Can add group", "content_type": 2, "codename": "add_group"}}, {"model": "auth.permission", "pk": 6, "fields": {"name": "Can change group", "content_type": 2, "codename": "change_group"}}, {"model": "auth.permission", "pk": 7, "fields": {"name": "Can delete group", "content_type": 2, "codename": "delete_group"}}, {"model": "auth.permission", "pk": 8, "fields": {"name": "Can view group", "content_type": 2, "codename": "view_group"}}, {"model": "auth.permission", "pk": 9, "fields": {"name": "Can add user", "content_type": 3, "codename": "add_user"}}, {"model": "auth.permission", "pk": 10, "fields": {"name": "Can change user", "content_type": 3, "codename": "change_user"}}, {"model": "auth.permission", "pk": 11, "fields": {"name": "Can delete user", "content_type": 3, "codename": "delete_user"}}, {"model": "auth.permission", "pk": 12, "fields": {"name": "Can view user", "content_type": 3, "codename": "view_user"}}, {"model": "auth.permission", "pk": 13, "fields": {"name": "Can add content type", "content_type": 4, "codename": "add_contenttype"}}, {"model": "auth.permission", "pk": 14, "fields": {"name": "Can change content type", "content_type": 4, "codename": "change_contenttype"}}, {"model": "auth.permission", "pk": 15, "fields": {"name": "Can delete content type", "content_type": 4, "codename": "delete_contenttype"}}, {"model": "auth.permission", "pk": 16, "fields": {"name": "Can view content type", "content_type": 4, "codename": "view_contenttype"}}, {"model": "auth.permission", "pk": 17, "fields": {"name": "Can add session", "content_type": 5, "codename": "add_session"}}, {"model": "auth.permission", "pk": 18, "fields": {"name": "Can change session", "content_type": 5, "codename": "change_session"}}, {"model": "auth.permission", "pk": 19, "fields": {"name": "Can delete session", "content_type": 5, "codename": "delete_session"}}, {"model": "auth.permission", "pk": 20, "fields": {"name": "Can view session", "content_type": 5, "codename": "view_session"}}, {"model": "auth.permission", "pk": 21, "fields": {"name": "Can add FTP user account", "content_type": 6, "codename": "add_ftpuseraccount"}}, {"model": "auth.permission", "pk": 22, "fields": {"name": "Can change FTP user account", "content_type": 6, "codename": "change_ftpuseraccount"}}, {"model": "auth.permission", "pk": 23, "fields": {"name": "Can delete FTP user account", "content_type": 6, "codename": "delete_ftpuseraccount"}}, {"model": "auth.permission", "pk": 24, "fields": {"name": "Can view FTP user account", "content_type": 6, "codename": "view_ftpuseraccount"}}, {"model": "auth.permission", "pk": 25, "fields": {"name": "Can add FTP user group", "content_type": 7, "codename": "add_ftpusergroup"}}, {"model": "auth.permission", "pk": 26, "fields": {"name": "Can change FTP user group", "content_type": 7, "codename": "change_ftpusergroup"}}, {"model": "auth.permission", "pk": 27, "fields": {"name": "Can delete FTP user group", "content_type": 7, "codename": "delete_ftpusergroup"}}, {"model": "auth.permission", "pk": 28, "fields": {"name": "Can view FTP user group", "content_type": 7, "codename": "view_ftpusergroup"}}, {"model": "auth.permission", "pk": 29, "fields": {"name": "Can add eaw user", "content_type": 8, "codename": "add_eawuser"}}, {"model": "auth.permission", "pk": 30, "fields": {"name": "Can change eaw user", "content_type": 8, "codename": "change_eawuser"}}, {"model": "auth.permission", "pk": 31, "fields": {"name": "Can delete eaw user", "content_type": 8, "codename": "delete_eawuser"}}, {"model": "auth.permission", "pk": 32, "fields": {"name": "Can view eaw user", "content_type": 8, "codename": "view_eawuser"}}, {"model": "auth.permission", "pk": 33, "fields": {"name": "Can add biological element", "content_type": 9, "codename": "add_biologicalelement"}}, {"model": "auth.permission", "pk": 34, "fields": {"name": "Can change biological element", "content_type": 9, "codename": "change_biologicalelement"}}, {"model": "auth.permission", "pk": 35, "fields": {"name": "Can delete biological element", "content_type": 9, "codename": "delete_biologicalelement"}}, {"model": "auth.permission", "pk": 36, "fields": {"name": "Can view biological element", "content_type": 9, "codename": "view_biologicalelement"}}, {"model": "auth.permission", "pk": 37, "fields": {"name": "Can add comment", "content_type": 10, "codename": "add_comment"}}, {"model": "auth.permission", "pk": 38, "fields": {"name": "Can change comment", "content_type": 10, "codename": "change_comment"}}, {"model": "auth.permission", "pk": 39, "fields": {"name": "Can delete comment", "content_type": 10, "codename": "delete_comment"}}, {"model": "auth.permission", "pk": 40, "fields": {"name": "Can view comment", "content_type": 10, "codename": "view_comment"}}, {"model": "auth.permission", "pk": 41, "fields": {"name": "Can add controlled vocabulary", "content_type": 11, "codename": "add_controlledvocabulary"}}, {"model": "auth.permission", "pk": 42, "fields": {"name": "Can change controlled vocabulary", "content_type": 11, "codename": "change_controlledvocabulary"}}, {"model": "auth.permission", "pk": 43, "fields": {"name": "Can delete controlled vocabulary", "content_type": 11, "codename": "delete_controlledvocabulary"}}, {"model": "auth.permission", "pk": 44, "fields": {"name": "Can view controlled vocabulary", "content_type": 11, "codename": "view_controlledvocabulary"}}, {"model": "auth.permission", "pk": 45, "fields": {"name": "Can add cyanotoxin samples", "content_type": 12, "codename": "add_cyanotoxinsamples"}}, {"model": "auth.permission", "pk": 46, "fields": {"name": "Can change cyanotoxin samples", "content_type": 12, "codename": "change_cyanotoxinsamples"}}, {"model": "auth.permission", "pk": 47, "fields": {"name": "Can delete cyanotoxin samples", "content_type": 12, "codename": "delete_cyanotoxinsamples"}}, {"model": "auth.permission", "pk": 48, "fields": {"name": "Can view cyanotoxin samples", "content_type": 12, "codename": "view_cyanotoxinsamples"}}, {"model": "auth.permission", "pk": 49, "fields": {"name": "Can add depth type", "content_type": 13, "codename": "add_depthtype"}}, {"model": "auth.permission", "pk": 50, "fields": {"name": "Can change depth type", "content_type": 13, "codename": "change_depthtype"}}, {"model": "auth.permission", "pk": 51, "fields": {"name": "Can delete depth type", "content_type": 13, "codename": "delete_depthtype"}}, {"model": "auth.permission", "pk": 52, "fields": {"name": "Can view depth type", "content_type": 13, "codename": "view_depthtype"}}, {"model": "auth.permission", "pk": 53, "fields": {"name": "Can add dna extraction kit", "content_type": 14, "codename": "add_dnaextractionkit"}}, {"model": "auth.permission", "pk": 54, "fields": {"name": "Can change dna extraction kit", "content_type": 14, "codename": "change_dnaextractionkit"}}, {"model": "auth.permission", "pk": 55, "fields": {"name": "Can delete dna extraction kit", "content_type": 14, "codename": "delete_dnaextractionkit"}}, {"model": "auth.permission", "pk": 56, "fields": {"name": "Can view dna extraction kit", "content_type": 14, "codename": "view_dnaextractionkit"}}, {"model": "auth.permission", "pk": 57, "fields": {"name": "Can add drainage basin", "content_type": 15, "codename": "add_drainagebasin"}}, {"model": "auth.permission", "pk": 58, "fields": {"name": "Can change drainage basin", "content_type": 15, "codename": "change_drainagebasin"}}, {"model": "auth.permission", "pk": 59, "fields": {"name": "Can delete drainage basin", "content_type": 15, "codename": "delete_drainagebasin"}}, {"model": "auth.permission", "pk": 60, "fields": {"name": "Can view drainage basin", "content_type": 15, "codename": "view_drainagebasin"}}, {"model": "auth.permission", "pk": 61, "fields": {"name": "Can add edna marker", "content_type": 16, "codename": "add_ednamarker"}}, {"model": "auth.permission", "pk": 62, "fields": {"name": "Can change edna marker", "content_type": 16, "codename": "change_ednamarker"}}, {"model": "auth.permission", "pk": 63, "fields": {"name": "Can delete edna marker", "content_type": 16, "codename": "delete_ednamarker"}}, {"model": "auth.permission", "pk": 64, "fields": {"name": "Can view edna marker", "content_type": 16, "codename": "view_ednamarker"}}, {"model": "auth.permission", "pk": 65, "fields": {"name": "Can add field controlled vocabulary term", "content_type": 17, "codename": "add_fieldcontrolledvocabularyterm"}}, {"model": "auth.permission", "pk": 66, "fields": {"name": "Can change field controlled vocabulary term", "content_type": 17, "codename": "change_fieldcontrolledvocabularyterm"}}, {"model": "auth.permission", "pk": 67, "fields": {"name": "Can delete field controlled vocabulary term", "content_type": 17, "codename": "delete_fieldcontrolledvocabularyterm"}}, {"model": "auth.permission", "pk": 68, "fields": {"name": "Can view field controlled vocabulary term", "content_type": 17, "codename": "view_fieldcontrolledvocabularyterm"}}, {"model": "auth.permission", "pk": 69, "fields": {"name": "Can add mixing type", "content_type": 18, "codename": "add_mixingtype"}}, {"model": "auth.permission", "pk": 70, "fields": {"name": "Can change mixing type", "content_type": 18, "codename": "change_mixingtype"}}, {"model": "auth.permission", "pk": 71, "fields": {"name": "Can delete mixing type", "content_type": 18, "codename": "delete_mixingtype"}}, {"model": "auth.permission", "pk": 72, "fields": {"name": "Can view mixing type", "content_type": 18, "codename": "view_mixingtype"}}, {"model": "auth.permission", "pk": 73, "fields": {"name": "Can add phytoplankton countings", "content_type": 19, "codename": "add_phytoplanktoncountings"}}, {"model": "auth.permission", "pk": 74, "fields": {"name": "Can change phytoplankton countings", "content_type": 19, "codename": "change_phytoplanktoncountings"}}, {"model": "auth.permission", "pk": 75, "fields": {"name": "Can delete phytoplankton countings", "content_type": 19, "codename": "delete_phytoplanktoncountings"}}, {"model": "auth.permission", "pk": 76, "fields": {"name": "Can view phytoplankton countings", "content_type": 19, "codename": "view_phytoplanktoncountings"}}, {"model": "auth.permission", "pk": 77, "fields": {"name": "Can add sample", "content_type": 20, "codename": "add_sample"}}, {"model": "auth.permission", "pk": 78, "fields": {"name": "Can change sample", "content_type": 20, "codename": "change_sample"}}, {"model": "auth.permission", "pk": 79, "fields": {"name": "Can delete sample", "content_type": 20, "codename": "delete_sample"}}, {"model": "auth.permission", "pk": 80, "fields": {"name": "Can view sample", "content_type": 20, "codename": "view_sample"}}, {"model": "auth.permission", "pk": 81, "fields": {"name": "Can add station", "content_type": 21, "codename": "add_station"}}, {"model": "auth.permission", "pk": 82, "fields": {"name": "Can change station", "content_type": 21, "codename": "change_station"}}, {"model": "auth.permission", "pk": 83, "fields": {"name": "Can delete station", "content_type": 21, "codename": "delete_station"}}, {"model": "auth.permission", "pk": 84, "fields": {"name": "Can view station", "content_type": 21, "codename": "view_station"}}, {"model": "auth.permission", "pk": 85, "fields": {"name": "Can add vertical temperature profile", "content_type": 22, "codename": "add_verticaltemperatureprofile"}}, {"model": "auth.permission", "pk": 86, "fields": {"name": "Can change vertical temperature profile", "content_type": 22, "codename": "change_verticaltemperatureprofile"}}, {"model": "auth.permission", "pk": 87, "fields": {"name": "Can delete vertical temperature profile", "content_type": 22, "codename": "delete_verticaltemperatureprofile"}}, {"model": "auth.permission", "pk": 88, "fields": {"name": "Can view vertical temperature profile", "content_type": 22, "codename": "view_verticaltemperatureprofile"}}, {"model": "auth.permission", "pk": 89, "fields": {"name": "Can add numerical code mapping", "content_type": 23, "codename": "add_numericalcodemapping"}}, {"model": "auth.permission", "pk": 90, "fields": {"name": "Can change numerical code mapping", "content_type": 23, "codename": "change_numericalcodemapping"}}, {"model": "auth.permission", "pk": 91, "fields": {"name": "Can delete numerical code mapping", "content_type": 23, "codename": "delete_numericalcodemapping"}}, {"model": "auth.permission", "pk": 92, "fields": {"name": "Can view numerical code mapping", "content_type": 23, "codename": "view_numericalcodemapping"}}, {"model": "auth.permission", "pk": 93, "fields": {"name": "Can add field description", "content_type": 24, "codename": "add_fielddescription"}}, {"model": "auth.permission", "pk": 94, "fields": {"name": "Can change field description", "content_type": 24, "codename": "change_fielddescription"}}, {"model": "auth.permission", "pk": 95, "fields": {"name": "Can delete field description", "content_type": 24, "codename": "delete_fielddescription"}}, {"model": "auth.permission", "pk": 96, "fields": {"name": "Can view field description", "content_type": 24, "codename": "view_fielddescription"}}, {"model": "auth.user", "pk": 1, "fields": {"password": "pbkdf2_sha256$120000$b2ZqkcZr4BHg$KXqkPMuWCocr4jvhkH/20MJQcN3NKZGe9ACWc4amZD0=", "last_login": "2019-02-20T12:15:38.178Z", "is_superuser": true, "username": "admin", "first_name": "", "last_name": "", "email": "marco.moretto@fmach.it", "is_staff": true, "is_active": true, "date_joined": "2019-02-20T12:13:27.389Z", "groups": [], "user_permissions": []}}, {"model": "auth.user", "pk": 2, "fields": {"password": "pbkdf2_sha256$120000$Eu7BNgiZUkcq$qBCrytSpsOGGclS08CvL8lhFds7QVFaqdas+Xz3E77Q=", "last_login": "2019-03-20T15:44:19.595Z", "is_superuser": true, "username": "guest", "first_name": "", "last_name": "", "email": "guest@guest.com", "is_staff": true, "is_active": true, "date_joined": "2019-02-20T13:14:23.901Z", "groups": [], "user_permissions": []}}, {"model": "EcoAlpsWater.sample", "pk": 4, "fields": {"user": 1, "sample_id": "0200032020015", "sample_code": "I_L_Molve_2019_03_20_D_1_F", "drainage_basin": 2, "cap_code": null, "station": 4, "sampling_date": "2019-03-20T10:21:46.550Z", "sampling_depth": 1.0, "depth_type": 2, "edna_marker": 2, "biological_element": 5, "mean_river_outflow": null, "mixing_type": null, "catchment_area": null, "sampling_latitude": null, "sampling_longitude": null, "temperature": null, "field_ph": null, "conductivity_ph": null, "light_attenuation_coefficient": null, "secchi_disk_depth": null, "euphotic_layer": null, "oxygen_concentration": null, "oxygen_percentage": null, "laboratory_ph": null, "laboratory_conductivity": null, "total_alkalinity": null, "bicarbonates": null, "nitrate_nitrogen": null, "sulphates": null, "chloride": null, "calcium": null, "magnesium": null, "sodium": null, "potassium": null, "ammonium": null, "total_nitrogen": null, "soluble_reactive_phosphorus": null, "total_phosphorus": null, "reactive_silica": null, "dry_weight": null, "chlorophyll_a": null, "dna_extraction_kit": null, "dna_extraction_date": null, "vertical_temperature_profiles": null, "phytoplankton_countings": null, "cyanotoxin_samples": null}}, {"model": "EcoAlpsWater.sample", "pk": 5, "fields": {"user": 2, "sample_id": "0200032020045", "sample_code": "I_L_Molve_2019_03_20_D_4_F", "drainage_basin": 2, "cap_code": null, "station": 4, "sampling_date": "2019-03-20T10:43:00.116Z", "sampling_depth": 4.0, "depth_type": 2, "edna_marker": 2, "biological_element": 5, "mean_river_outflow": null, "mixing_type": null, "catchment_area": null, "sampling_latitude": null, "sampling_longitude": null, "temperature": null, "field_ph": null, "conductivity_ph": null, "light_attenuation_coefficient": null, "secchi_disk_depth": null, "euphotic_layer": null, "oxygen_concentration": null, "oxygen_percentage": null, "laboratory_ph": null, "laboratory_conductivity": null, "total_alkalinity": null, "bicarbonates": null, "nitrate_nitrogen": null, "sulphates": null, "chloride": null, "calcium": null, "magnesium": null, "sodium": null, "potassium": null, "ammonium": null, "total_nitrogen": null, "soluble_reactive_phosphorus": null, "total_phosphorus": null, "reactive_silica": null, "dry_weight": null, "chlorophyll_a": null, "dna_extraction_kit": null, "dna_extraction_date": null, "vertical_temperature_profiles": null, "phytoplankton_countings": null, "cyanotoxin_samples": null}}, {"model": "EcoAlpsWater.eawuser", "pk": 1, "fields": {"user": 1, "institute": "Fondazione Edmund Mach"}}, {"model": "EcoAlpsWater.eawuser", "pk": 2, "fields": {"user": 2, "institute": "Fondazione Edmund Mach"}}, {"model": "django_ftpserver.ftpuseraccount", "pk": 1, "fields": {"user": 1, "group": 1, "last_login": "2019-02-20T13:10:54.961Z", "home_dir": "/app/ftp-data"}}, {"model": "django_ftpserver.ftpuseraccount", "pk": 2, "fields": {"user": 2, "group": 1, "last_login": "2019-03-08T12:11:49.239Z", "home_dir": "/app/ftp-data"}}]