[
{
    "model": "auth.user",
    "fields": {
        "password": "pbkdf2_sha256$120000$b2ZqkcZr4BHg$KXqkPMuWCocr4jvhkH/20MJQcN3NKZGe9ACWc4amZD0=",
        "last_login": "2019-02-20T12:15:38.178Z",
        "is_superuser": true,
        "username": "admin",
        "first_name": "",
        "last_name": "",
        "email": "marco.moretto@fmach.it",
        "is_staff": true,
        "is_active": true,
        "date_joined": "2019-02-20T12:13:27.389Z",
        "groups": [],
        "user_permissions": []
    }
},
{
    "model": "auth.user",
    "fields": {
        "password": "pbkdf2_sha256$120000$Eu7BNgiZUkcq$qBCrytSpsOGGclS08CvL8lhFds7QVFaqdas+Xz3E77Q=",
        "last_login": "2019-03-21T08:14:33.234Z",
        "is_superuser": true,
        "username": "guest",
        "first_name": "",
        "last_name": "",
        "email": "guest@guest.com",
        "is_staff": true,
        "is_active": true,
        "date_joined": "2019-02-20T13:14:23.901Z",
        "groups": [],
        "user_permissions": []
    }
},
{
    "model": "sessions.session",
    "pk": "97e6g9jspfkv9z9bwakvxwh95rye0e17",
    "fields": {
        "session_data": "NzY4MWYxYTdhNDE0NTcyOTFkMTIwNjU5ZGQ5OTUzZDBmNzE4OWY0MTp7Il9hdXRoX3VzZXJfaWQiOiIyIiwiX2F1dGhfdXNlcl9iYWNrZW5kIjoiZGphbmdvLmNvbnRyaWIuYXV0aC5iYWNrZW5kcy5Nb2RlbEJhY2tlbmQiLCJfYXV0aF91c2VyX2hhc2giOiI2MzkwNjMyZGNjNDI1N2ExZDA5ZDcwYmUzNGU3ZDY4N2YyNmIwNzY5In0=",
        "expire_date": "2019-03-11T10:04:24.755Z"
    }
},
{
    "model": "sessions.session",
    "pk": "dwi17o463oujqvtu19y20piy7q11gag3",
    "fields": {
        "session_data": "NzY4MWYxYTdhNDE0NTcyOTFkMTIwNjU5ZGQ5OTUzZDBmNzE4OWY0MTp7Il9hdXRoX3VzZXJfaWQiOiIyIiwiX2F1dGhfdXNlcl9iYWNrZW5kIjoiZGphbmdvLmNvbnRyaWIuYXV0aC5iYWNrZW5kcy5Nb2RlbEJhY2tlbmQiLCJfYXV0aF91c2VyX2hhc2giOiI2MzkwNjMyZGNjNDI1N2ExZDA5ZDcwYmUzNGU3ZDY4N2YyNmIwNzY5In0=",
        "expire_date": "2019-04-04T08:14:33.251Z"
    }
},
{
    "model": "EcoAlpsWater.fielddescription",
    "pk": 1,
    "fields": {
        "field_name": "sampling_depth",
        "description": "Unit of measurement: meter (m)"
    }
},
{
    "model": "EcoAlpsWater.biologicalelement",
    "pk": 1,
    "fields": {
        "name": "Bacteria"
    }
},
{
    "model": "EcoAlpsWater.biologicalelement",
    "pk": 2,
    "fields": {
        "name": "Phytoplankton"
    }
},
{
    "model": "EcoAlpsWater.biologicalelement",
    "pk": 3,
    "fields": {
        "name": "Diatoms"
    }
},
{
    "model": "EcoAlpsWater.biologicalelement",
    "pk": 4,
    "fields": {
        "name": "Biofilm"
    }
},
{
    "model": "EcoAlpsWater.biologicalelement",
    "pk": 5,
    "fields": {
        "name": "Fish"
    }
},
{
    "model": "EcoAlpsWater.cyanotoxinsamples",
    "pk": 1,
    "fields": {
        "name": "sample1"
    }
},
{
    "model": "EcoAlpsWater.cyanotoxinsamples",
    "pk": 2,
    "fields": {
        "name": "sample2"
    }
},
{
    "model": "EcoAlpsWater.cyanotoxinsamples",
    "pk": 3,
    "fields": {
        "name": "sample3"
    }
},
{
    "model": "EcoAlpsWater.depthtype",
    "pk": 1,
    "fields": {
        "name": "Euphotic"
    }
},
{
    "model": "EcoAlpsWater.depthtype",
    "pk": 2,
    "fields": {
        "name": "Discrete"
    }
},
{
    "model": "EcoAlpsWater.depthtype",
    "pk": 3,
    "fields": {
        "name": "Substrata"
    }
},
{
    "model": "EcoAlpsWater.dnaextractionkit",
    "pk": 1,
    "fields": {
        "name": "kit1"
    }
},
{
    "model": "EcoAlpsWater.dnaextractionkit",
    "pk": 2,
    "fields": {
        "name": "kit2"
    }
},
{
    "model": "EcoAlpsWater.dnaextractionkit",
    "pk": 3,
    "fields": {
        "name": "kit3"
    }
},
{
    "model": "EcoAlpsWater.drainagebasin",
    "pk": 1,
    "fields": {
        "name": "Garda",
        "type": "Lake",
        "country": "Italy"
    }
},
{
    "model": "EcoAlpsWater.drainagebasin",
    "pk": 2,
    "fields": {
        "name": "Molveno",
        "type": "Lake",
        "country": "Italy"
    }
},
{
    "model": "EcoAlpsWater.drainagebasin",
    "pk": 3,
    "fields": {
        "name": "Adige",
        "type": "River",
        "country": "Italy"
    }
},
{
    "model": "EcoAlpsWater.drainagebasin",
    "pk": 4,
    "fields": {
        "name": "Noce",
        "type": "River",
        "country": "Italy"
    }
},
{
    "model": "EcoAlpsWater.drainagebasin",
    "pk": 5,
    "fields": {
        "name": "Como",
        "type": "Lake",
        "country": "Italy"
    }
},
{
    "model": "EcoAlpsWater.ednamarker",
    "pk": 1,
    "fields": {
        "name": "16S"
    }
},
{
    "model": "EcoAlpsWater.ednamarker",
    "pk": 2,
    "fields": {
        "name": "18S"
    }
},
{
    "model": "EcoAlpsWater.mixingtype",
    "pk": 1,
    "fields": {
        "name": "mixing1"
    }
},
{
    "model": "EcoAlpsWater.mixingtype",
    "pk": 2,
    "fields": {
        "name": "mixing2"
    }
},
{
    "model": "EcoAlpsWater.phytoplanktoncountings",
    "pk": 1,
    "fields": {
        "name": "counting1"
    }
},
{
    "model": "EcoAlpsWater.phytoplanktoncountings",
    "pk": 2,
    "fields": {
        "name": "counting2"
    }
},
{
    "model": "EcoAlpsWater.phytoplanktoncountings",
    "pk": 3,
    "fields": {
        "name": "counting3"
    }
},
{
    "model": "EcoAlpsWater.station",
    "pk": 1,
    "fields": {
        "name": "station1",
        "pp_code": "st1",
        "drainage_basin": 1
    }
},
{
    "model": "EcoAlpsWater.station",
    "pk": 2,
    "fields": {
        "name": "station2",
        "pp_code": "st2",
        "drainage_basin": 1
    }
},
{
    "model": "EcoAlpsWater.station",
    "pk": 3,
    "fields": {
        "name": "station3",
        "pp_code": "st3",
        "drainage_basin": 2
    }
},
{
    "model": "EcoAlpsWater.station",
    "pk": 4,
    "fields": {
        "name": "station4",
        "pp_code": "st4",
        "drainage_basin": 2
    }
},
{
    "model": "EcoAlpsWater.verticaltemperatureprofile",
    "pk": 1,
    "fields": {
        "name": "temp1"
    }
},
{
    "model": "EcoAlpsWater.verticaltemperatureprofile",
    "pk": 2,
    "fields": {
        "name": "temp2"
    }
},
{
    "model": "EcoAlpsWater.verticaltemperatureprofile",
    "pk": 3,
    "fields": {
        "name": "temp3"
    }
},
{
    "model": "EcoAlpsWater.sample",
    "pk": 4,
    "fields": {
        "user": [
            "admin"
        ],
        "sample_id": "0200032020015",
        "sample_code": "I_L_Molve_2019_03_20_D_1_F",
        "drainage_basin": 2,
        "cap_code": null,
        "station": 4,
        "sampling_date": "2019-03-20T10:21:46.550Z",
        "sampling_depth": 1.0,
        "depth_type": 2,
        "edna_marker": 2,
        "biological_element": 5,
        "mean_river_outflow": null,
        "mixing_type": null,
        "catchment_area": null,
        "sampling_latitude": null,
        "sampling_longitude": null,
        "temperature": null,
        "field_ph": null,
        "conductivity_ph": null,
        "light_attenuation_coefficient": null,
        "secchi_disk_depth": null,
        "euphotic_layer": null,
        "oxygen_concentration": null,
        "oxygen_percentage": null,
        "laboratory_ph": null,
        "laboratory_conductivity": null,
        "total_alkalinity": null,
        "bicarbonates": null,
        "nitrate_nitrogen": null,
        "sulphates": null,
        "chloride": null,
        "calcium": null,
        "magnesium": null,
        "sodium": null,
        "potassium": null,
        "ammonium": null,
        "total_nitrogen": null,
        "soluble_reactive_phosphorus": null,
        "total_phosphorus": null,
        "reactive_silica": null,
        "dry_weight": null,
        "chlorophyll_a": null,
        "dna_extraction_kit": null,
        "dna_extraction_date": null,
        "vertical_temperature_profiles": null,
        "phytoplankton_countings": null,
        "cyanotoxin_samples": null
    }
},
{
    "model": "EcoAlpsWater.sample",
    "pk": 5,
    "fields": {
        "user": [
            "guest"
        ],
        "sample_id": "0200032020045",
        "sample_code": "I_L_Molve_2019_03_20_D_4_F",
        "drainage_basin": 2,
        "cap_code": null,
        "station": 4,
        "sampling_date": "2019-03-20T10:43:00.116Z",
        "sampling_depth": 4.0,
        "depth_type": 2,
        "edna_marker": 2,
        "biological_element": 5,
        "mean_river_outflow": null,
        "mixing_type": null,
        "catchment_area": null,
        "sampling_latitude": null,
        "sampling_longitude": null,
        "temperature": null,
        "field_ph": null,
        "conductivity_ph": null,
        "light_attenuation_coefficient": null,
        "secchi_disk_depth": null,
        "euphotic_layer": null,
        "oxygen_concentration": null,
        "oxygen_percentage": null,
        "laboratory_ph": null,
        "laboratory_conductivity": null,
        "total_alkalinity": null,
        "bicarbonates": null,
        "nitrate_nitrogen": null,
        "sulphates": null,
        "chloride": null,
        "calcium": null,
        "magnesium": null,
        "sodium": null,
        "potassium": null,
        "ammonium": null,
        "total_nitrogen": null,
        "soluble_reactive_phosphorus": null,
        "total_phosphorus": null,
        "reactive_silica": null,
        "dry_weight": null,
        "chlorophyll_a": null,
        "dna_extraction_kit": null,
        "dna_extraction_date": null,
        "vertical_temperature_profiles": null,
        "phytoplankton_countings": null,
        "cyanotoxin_samples": null
    }
},
{
    "model": "EcoAlpsWater.sample",
    "pk": 15,
    "fields": {
        "user": [
            "guest"
        ],
        "sample_id": "0100032010553",
        "sample_code": "I_L_Garda_2019_03_20_E_55_D",
        "drainage_basin": 1,
        "cap_code": null,
        "station": 2,
        "sampling_date": "2019-03-20T16:09:39.999Z",
        "sampling_depth": 55.0,
        "depth_type": 1,
        "edna_marker": 2,
        "biological_element": 3,
        "mean_river_outflow": null,
        "mixing_type": null,
        "catchment_area": null,
        "sampling_latitude": null,
        "sampling_longitude": null,
        "temperature": null,
        "field_ph": null,
        "conductivity_ph": null,
        "light_attenuation_coefficient": null,
        "secchi_disk_depth": null,
        "euphotic_layer": null,
        "oxygen_concentration": null,
        "oxygen_percentage": null,
        "laboratory_ph": null,
        "laboratory_conductivity": null,
        "total_alkalinity": null,
        "bicarbonates": null,
        "nitrate_nitrogen": null,
        "sulphates": null,
        "chloride": null,
        "calcium": null,
        "magnesium": null,
        "sodium": null,
        "potassium": null,
        "ammonium": null,
        "total_nitrogen": null,
        "soluble_reactive_phosphorus": null,
        "total_phosphorus": null,
        "reactive_silica": null,
        "dry_weight": null,
        "chlorophyll_a": null,
        "dna_extraction_kit": null,
        "dna_extraction_date": null,
        "vertical_temperature_profiles": null,
        "phytoplankton_countings": null,
        "cyanotoxin_samples": null
    }
},
{
    "model": "EcoAlpsWater.sample",
    "pk": 17,
    "fields": {
        "user": [
            "guest"
        ],
        "sample_id": "0200032120444",
        "sample_code": "I_L_Molve_2019_03_21_D_44_B",
        "drainage_basin": 2,
        "cap_code": null,
        "station": 3,
        "sampling_date": "2019-03-20T16:12:25.024Z",
        "sampling_depth": 44.0,
        "depth_type": 2,
        "edna_marker": 2,
        "biological_element": 4,
        "mean_river_outflow": null,
        "mixing_type": null,
        "catchment_area": null,
        "sampling_latitude": null,
        "sampling_longitude": null,
        "temperature": null,
        "field_ph": null,
        "conductivity_ph": null,
        "light_attenuation_coefficient": null,
        "secchi_disk_depth": null,
        "euphotic_layer": null,
        "oxygen_concentration": null,
        "oxygen_percentage": null,
        "laboratory_ph": null,
        "laboratory_conductivity": null,
        "total_alkalinity": null,
        "bicarbonates": null,
        "nitrate_nitrogen": null,
        "sulphates": null,
        "chloride": null,
        "calcium": null,
        "magnesium": null,
        "sodium": null,
        "potassium": null,
        "ammonium": null,
        "total_nitrogen": null,
        "soluble_reactive_phosphorus": null,
        "total_phosphorus": null,
        "reactive_silica": null,
        "dry_weight": null,
        "chlorophyll_a": null,
        "dna_extraction_kit": null,
        "dna_extraction_date": null,
        "vertical_temperature_profiles": null,
        "phytoplankton_countings": null,
        "cyanotoxin_samples": null
    }
},
{
    "model": "EcoAlpsWater.sample",
    "pk": 18,
    "fields": {
        "user": [
            "guest"
        ],
        "sample_id": "0200032020443",
        "sample_code": "I_L_Molve_2019_03_20_D_44_D",
        "drainage_basin": 2,
        "cap_code": null,
        "station": 3,
        "sampling_date": "2019-03-20T16:13:27.913Z",
        "sampling_depth": 44.0,
        "depth_type": 2,
        "edna_marker": 1,
        "biological_element": 3,
        "mean_river_outflow": null,
        "mixing_type": null,
        "catchment_area": null,
        "sampling_latitude": null,
        "sampling_longitude": null,
        "temperature": null,
        "field_ph": null,
        "conductivity_ph": null,
        "light_attenuation_coefficient": null,
        "secchi_disk_depth": null,
        "euphotic_layer": null,
        "oxygen_concentration": null,
        "oxygen_percentage": null,
        "laboratory_ph": null,
        "laboratory_conductivity": null,
        "total_alkalinity": null,
        "bicarbonates": null,
        "nitrate_nitrogen": null,
        "sulphates": null,
        "chloride": null,
        "calcium": null,
        "magnesium": null,
        "sodium": null,
        "potassium": null,
        "ammonium": null,
        "total_nitrogen": null,
        "soluble_reactive_phosphorus": null,
        "total_phosphorus": null,
        "reactive_silica": null,
        "dry_weight": null,
        "chlorophyll_a": null,
        "dna_extraction_kit": null,
        "dna_extraction_date": null,
        "vertical_temperature_profiles": null,
        "phytoplankton_countings": null,
        "cyanotoxin_samples": null
    }
},
{
    "model": "EcoAlpsWater.sample",
    "pk": 20,
    "fields": {
        "user": [
            "guest"
        ],
        "sample_id": "0200031410344",
        "sample_code": "I_L_Molve_2019_03_14_E_34_B",
        "drainage_basin": 2,
        "cap_code": null,
        "station": 3,
        "sampling_date": "2019-03-20T16:24:52.306Z",
        "sampling_depth": 34.0,
        "depth_type": 1,
        "edna_marker": 2,
        "biological_element": 4,
        "mean_river_outflow": null,
        "mixing_type": null,
        "catchment_area": null,
        "sampling_latitude": null,
        "sampling_longitude": null,
        "temperature": null,
        "field_ph": null,
        "conductivity_ph": null,
        "light_attenuation_coefficient": null,
        "secchi_disk_depth": null,
        "euphotic_layer": null,
        "oxygen_concentration": null,
        "oxygen_percentage": null,
        "laboratory_ph": null,
        "laboratory_conductivity": null,
        "total_alkalinity": null,
        "bicarbonates": null,
        "nitrate_nitrogen": null,
        "sulphates": null,
        "chloride": null,
        "calcium": null,
        "magnesium": null,
        "sodium": null,
        "potassium": null,
        "ammonium": null,
        "total_nitrogen": null,
        "soluble_reactive_phosphorus": null,
        "total_phosphorus": null,
        "reactive_silica": null,
        "dry_weight": null,
        "chlorophyll_a": null,
        "dna_extraction_kit": null,
        "dna_extraction_date": null,
        "vertical_temperature_profiles": null,
        "phytoplankton_countings": null,
        "cyanotoxin_samples": null
    }
},
{
    "model": "EcoAlpsWater.eawuser",
    "pk": 1,
    "fields": {
        "user": [
            "admin"
        ],
        "institute": "Fondazione Edmund Mach"
    }
},
{
    "model": "EcoAlpsWater.eawuser",
    "pk": 2,
    "fields": {
        "user": [
            "guest"
        ],
        "institute": "Fondazione Edmund Mach"
    }
},
{
    "model": "django_ftpserver.ftpusergroup",
    "pk": 1,
    "fields": {
        "name": "ftp-eaw",
        "permission": "elrw",
        "home_dir": null
    }
},
{
    "model": "django_ftpserver.ftpuseraccount",
    "pk": 1,
    "fields": {
        "user": [
            "admin"
        ],
        "group": 1,
        "last_login": "2019-02-20T13:10:54.961Z",
        "home_dir": "/app/ftp-data"
    }
},
{
    "model": "django_ftpserver.ftpuseraccount",
    "pk": 2,
    "fields": {
        "user": [
            "guest"
        ],
        "group": 1,
        "last_login": "2019-03-08T12:11:49.239Z",
        "home_dir": "/app/ftp-data"
    }
}
]
